Component1,Component2,Component3,Component4,Component5,Label
-21.09438,10.072258,7.7273507,13.7149935,-13.915147,66
17.501778,5.731288,7.046157,-12.8522835,8.38076,61
6.485985,-3.5129828,2.7157655,-14.351631,-10.0518465,60
-13.340456,-4.4341097,-10.128072,16.307981,9.010395,64
0.23732562,11.124323,21.176743,0.5132804,5.1730056,48
-15.063368,4.055276,-8.377958,8.065988,5.27624,54
13.606733,5.6569705,17.721344,-1.4702945,1.3291574,78
-14.660833,4.4397783,16.007326,11.952959,7.7695036,33
-14.949373,3.5855312,-2.4073505,-14.029729,-11.380877,44
-0.16624601,-3.6442723,4.015788,-17.748653,3.4346893,63
9.113859,-10.27241,10.88252,2.858505,-2.4611316,80
13.143828,-1.172996,-4.1884737,-13.524443,-3.5667953,84
-6.191502,18.367323,-9.004174,-7.0206294,-5.950411,13
-13.918536,-4.393492,-10.1831875,14.409933,-0.035590157,24
8.566388,11.176777,9.011154,6.474456,-11.06205,43
6.666736,-2.3724308,-3.103841,-12.902698,-2.4223778,74
2.2139657,-8.030088,16.90323,9.34045,-13.846178,80
-1.467198,15.85039,-3.7900913,15.7621355,8.274367,84
20.173666,20.650558,5.3421216,-0.83857346,1.7084937,63
-8.096873,-11.558067,-8.776641,-7.5509553,4.4950156,21
19.865858,16.68385,-7.752802,10.832083,13.963436,78
-9.0312805,18.361462,-11.641381,-2.3652208,-0.67618686,35
17.041668,-2.713602,-16.241508,-3.2951243,-8.715609,44
-7.78085,4.727407,0.6403174,7.1316247,-2.3672726,46
19.652906,2.0956717,4.969565,-4.9157863,10.672986,58
-5.115904,-0.63442,8.911758,12.636805,0.34275338,80
-17.696367,-19.453602,1.0943787,9.070328,-9.917302,49
-3.6880453,-11.01661,-13.813818,-4.8355007,0.9596634,19
15.065215,9.531123,8.500898,5.4616313,0.9418885,44
-18.643545,-4.8436623,-8.541229,1.198939,6.1161675,42
-0.696875,11.476149,-8.273086,-4.904426,1.8646808,53
22.91774,-10.354347,-11.212699,10.821067,5.493445,65
0.7304558,6.563114,-12.207691,3.3675475,5.5771804,54
5.818433,14.718686,5.284096,4.624094,3.6995533,47
-2.2138321,-18.505066,0.37989262,1.5168258,-15.121147,40
-16.676401,-14.84259,-15.803938,-5.1081004,7.587791,46
-13.751594,8.170744,6.142358,4.5492096,8.481315,77
11.379343,16.696674,13.769823,-8.032838,-7.479853,45
15.187367,5.9953995,4.2980394,-5.3475323,9.411585,60
-7.1111956,3.3767452,-5.36916,9.619911,-7.9781575,53
-5.478111,5.5907903,1.8602586,5.415428,-3.1241605,66
6.779044,-16.700024,-2.6318,0.9655721,-9.329299,75
13.590085,-4.4295616,-13.346817,2.5820289,0.8294522,47
-2.335524,14.319121,-12.468561,-9.946946,2.974966,40
-8.115667,-8.481849,14.680537,1.9350567,-12.077923,92
-0.9645193,-2.1199746,14.0729,-3.9128728,5.0889044,53
-6.5478873,-8.613297,-13.344822,10.331827,2.2392015,45
-18.903002,11.04736,1.5832231,7.594324,-9.7788725,37
-14.011158,-10.041695,-9.800611,-6.0109696,1.9203762,40
20.855629,-3.6027784,3.9100428,5.1240606,2.1413162,65
-1.5101267,1.099794,-1.4854823,-6.9149313,-9.6030855,72
-9.8389,18.079252,-3.837216,6.3391466,-5.1478977,61
18.957294,-6.6823306,-0.4325001,-12.407805,11.388374,57
-5.177668,-19.573462,0.30033675,-7.38915,7.964306,55
-15.003314,14.940722,8.776565,-11.749889,2.8084896,47
-16.809017,-3.9430916,8.752662,-0.50455433,-12.18934,47
-2.5118315,2.2667217,-9.1157465,-6.2761564,5.295676,47
-2.2915916,-18.44085,0.56226707,-8.150232,0.14392015,41
-4.772693,-15.807156,13.740988,-2.6174374,5.516105,46
-11.420173,-14.217554,8.112553,1.8034538,0.15261135,79
-13.890167,5.56151,0.37513554,-9.827818,0.96416503,84
-17.543224,-20.202162,-10.015026,9.305981,-15.147853,46
1.1565801,-12.675689,-5.844756,-7.767615,-0.76405853,52
0.64625067,-1.0965807,-12.735252,12.602989,-1.4984214,65
-19.449078,-7.105176,10.577956,-6.1090755,3.6944826,0
-4.3031373,-14.304257,-2.880551,-2.938955,8.626979,46
5.8280716,2.2001536,15.619845,8.434586,4.25355,63
0.52756,5.2739863,0.123944275,-11.466092,-8.710966,43
-11.080353,-2.7642143,12.166764,1.2048719,-9.576796,74
15.528221,-21.302288,13.475286,4.1237483,6.0626717,50
-11.420553,-7.3999596,18.960615,7.592826,8.611732,8
10.566974,-11.1044235,-13.679689,-7.9367394,0.38554043,70
15.152179,6.499975,-8.558138,16.199091,8.045939,64
-5.58869,-0.42315257,1.284957,-6.3751116,10.448977,72
17.857162,11.158684,-1.479057,-5.8262334,10.425443,73
15.036427,14.408643,1.2525756,-1.6643602,-4.308954,78
1.067825,-9.249825,-3.3983421,-12.78147,6.1218038,39
-18.157484,1.4397665,-18.778925,-4.84435,0.41315895,48
-14.84575,8.677678,-0.6425348,3.3620632,-10.938331,40
-3.2077699,21.012135,-10.805478,-0.8456457,11.043216,46
-15.817342,17.321459,-4.972175,-1.5415015,-12.438197,56
-14.423975,-22.859814,6.7289124,-6.0276074,-5.1312943,25
15.808543,-1.5335097,-17.531233,5.0438857,-0.48880893,40
21.985552,2.0662904,-11.9918165,-11.183024,1.0094016,64
11.815853,4.528093,-13.874531,8.839683,-8.276304,65
-5.5797067,1.1483418,0.35596237,4.9750137,0.62709457,56
-19.610086,3.2409062,0.59855676,13.793949,-0.6366854,45
-13.9828005,-4.8033757,-21.585228,-11.772594,0.56926864,37
21.05196,9.521618,18.08811,3.5655866,9.269232,50
15.578912,5.257105,-5.573653,2.253466,-0.82683194,52
-8.995832,0.97449654,9.7192,-1.7518672,-0.42451036,25
12.417604,9.8784895,-7.4285774,-5.21117,-0.121127225,65
21.287668,-9.352886,-3.2270384,2.7787032,-13.819918,75
15.207295,-2.1514425,-3.5297303,13.911085,10.988675,61
15.997324,9.866096,-0.22467169,-8.932484,-11.134987,66
-17.398455,8.170282,10.513962,5.6068435,6.1724105,69
-0.9173041,11.5510845,-3.5151634,7.2250357,12.2991295,65
21.375948,2.2001987,4.4977813,5.5807085,-4.6075454,71
14.792358,-7.1292853,-15.091286,16.946735,-2.387369,71
-18.343496,1.9377487,6.7944036,0.7017932,-6.640669,32
-2.1008894,-23.739084,9.875291,7.934387,6.9713025,44
16.202877,2.829505,-2.9970655,9.051593,-13.370151,56
21.052256,-9.770598,-10.822192,-6.6579037,-6.7920394,33
13.1199045,-16.50761,-4.481471,8.223495,3.1178546,30
15.136027,-6.7009106,9.451654,10.160129,4.778116,44
-18.193306,5.143336,15.896671,-17.751877,11.594853,23
-9.749819,-10.393556,-5.330073,-17.950703,5.9696856,46
-14.574524,-12.226092,4.285242,-15.5487,9.909298,35
-0.8435876,1.25932,3.3603976,-9.042037,-6.013314,59
5.4000115,-8.659943,-6.7541223,-4.0797663,8.535456,80
-19.496058,-3.7284062,3.5715036,-9.793729,10.370535,24
-21.46666,14.220649,-8.3609085,9.64546,11.832518,53
17.00307,-13.0342,7.313003,0.6791713,-9.436415,52
16.251211,-9.703396,5.747562,-4.5203357,-7.2651305,57
-9.96585,10.896989,13.200558,3.5246632,0.04055602,61
4.3943954,-18.645802,7.2035537,5.573461,0.28349048,69
-15.675914,-12.49753,-9.408405,-5.649841,0.77873534,29
-5.763259,4.7708774,-2.9832647,-15.441089,2.5681472,52
11.906888,8.589099,-9.726822,2.5801127,7.9215884,42
16.620596,-0.6915786,11.719128,4.5198984,9.541449,63
-7.099368,4.1995373,-15.020215,-3.6546018,6.411904,65
22.238026,-17.491034,9.560235,0.8937231,1.5653175,67
-10.373439,-8.892938,-3.3587527,4.396173,3.2904499,39
20.866774,-13.387284,6.815219,11.475238,-2.031478,33
-22.496128,15.1925535,1.6014796,-0.9748891,-11.060272,44
2.393012,7.6491504,9.1187315,12.40639,3.6612906,33
2.7208846,4.235121,-3.5117533,0.32669184,-13.713119,95
-3.250701,1.9468075,-15.125143,-8.743241,8.720869,40
-1.7944108,-0.80013365,-12.720974,13.451286,4.2703114,38
-6.727587,-2.9956002,12.807371,3.249169,-5.695816,46
18.00218,7.6617346,3.8630126,-4.9541397,-9.814739,51
6.185919,8.737639,3.5842133,-1.1042786,-10.674457,32
-19.159912,9.900908,16.54058,-1.1150643,9.867291,55
-13.265281,11.671662,13.809395,-5.7673764,0.92165625,56
8.974792,-0.31373885,-1.8074719,-11.462419,-2.671611,33
3.2613263,10.205805,6.545436,-6.096283,11.437084,61
15.784461,2.319576,13.767232,-8.631792,8.458359,86
-6.824236,-15.327443,6.6460366,9.65406,-2.7965674,2
10.649675,2.6997817,-12.526784,-8.43365,-11.868304,58
0.024782784,-12.231638,-9.217561,2.081463,6.1051717,41
-19.41428,15.927194,-0.9838791,-5.5523667,-7.7793965,53
-12.746757,-11.976662,0.41093516,11.543039,5.21168,44
21.947672,-2.478479,2.0950754,-13.102456,-10.227109,60
12.436664,8.28869,15.070073,-11.760772,-3.2905045,37
13.272723,11.398618,-9.130501,13.25944,-8.852658,87
-14.966505,-5.0769925,3.1905725,-6.356914,-15.193816,35
-16.998482,12.208068,-11.085122,2.9127247,6.2547517,98
-1.5619272,21.770401,-4.2646623,-0.36979422,-10.19855,10
-13.732975,-15.715133,1.0902967,8.559572,7.061811,44
7.7592297,8.783139,-3.9067504,13.823467,-1.088633,53
